canton,commune,prefecture,region,population,FRI,classe_fri,rwi_min,urban_ratio,infrastructure_documentee,WUI,priorite
Agoè-Nyivé,Agoè-Nyivé 1,Agoè-Nyivé,Maritime,358223.442808,0.4930971372315273,Tres eleve,0.903,0.8906254469116601,True,0.5915571962328392,Critique
Légbassito,Agoè-Nyivé 2,Agoè-Nyivé,Maritime,154480.559802,0.34328626002598667,Eleve,0.133,0.6756613442865086,True,0.40183312537671073,Critique
Vakpossito,Agoè-Nyivé 3,Agoè-Nyivé,Maritime,63267.95692700001,0.24856343264341363,Moyen,1.079,0.9999999999999999,True,0.20359908432641527,Surveillance
Togblekope,Agoè-Nyivé 4,Agoè-Nyivé,Maritime,179199.320921,0.41444260352557744,Eleve,-0.089,0.5239749455515291,True,0.47791249801612135,Critique
Zanguera,Agoè-Nyivé 5,Agoè-Nyivé,Maritime,218933.127634,0.3074591464425915,Eleve,0.636,0.7079749559564665,False,0.49644729698274337,Critique
Adétikopé,Agoè-Nyivé 6,Agoè-Nyivé,Maritime,52840.089426,0.22269216254564025,Moyen,-0.302,0.2505754300168768,True,0.2858789095564082,Surveillance
Kévé,Avé 1,Avé,Maritime,11043.089868000001,0.21196638258530542,Moyen,-0.869,0.015674724130468318,False,0.38903471105210774,Critique
Assahoun,Avé 1,Avé,Maritime,9604.491806,0.1496374561497827,Faible,-0.874,0.047627816240090666,False,0.35402652276703195,Elevee
Tovégan,Avé 1,Avé,Maritime,10887.803902000001,0.07841933775491648,Tres faible,-0.786,0.0,False,0.30928688143116356,Moyenne
Ando,Avé 1,Avé,Maritime,9495.744831,0.07114157959649467,Tres faible,-0.948,0.0,False,0.3164720981155808,Moyenne
Zolo,Avé 1,Avé,Maritime,5851.743352,0.06601605109244098,Tres faible,-0.755,0.0,False,0.2960179029056018,Surveillance
Noépé,Avé 2,Avé,Maritime,10367.572826000001,0.0674225542291998,Tres faible,-0.218,0.0,False,0.2596486918601718,Surveillance
Aképé,Avé 2,Avé,Maritime,17313.858359,0.11179572053331653,Faible,-0.517,0.015655949331953013,False,0.31239683750292346,Moyenne
Badja,Avé 2,Avé,Maritime,10048.043772,0.08493125608323682,Tres faible,-0.728,0.0,False,0.30776842436699137,Moyenne
Kpétsou,Bas-Mono 1,Bas-Mono,Maritime,13667.775344000001,0.08726239604091546,Tres faible,-0.548,0.0,True,0.19831459973929472,Surveillance
Afagnan-Gbléta,Bas-Mono 1,Bas-Mono,Maritime,31249.042978,0.12358494460010137,Faible,-0.484,0.0179105641381166,False,0.32771496902072816,Elevee
Afagnangan,Bas-Mono 1,Bas-Mono,Maritime,17676.188806000002,0.2814943944922352,Moyen,-0.696,0.08089813641213767,True,0.31945675729179956,Moyenne
Attitogon,Bas-Mono 2,Bas-Mono,Maritime,28876.104163000004,0.0812563022560387,Tres faible,-0.501,0.0,False,0.30383699224591826,Moyenne
Hompou,Bas-Mono 2,Bas-Mono,Maritime,7918.705695000001,0.06780014129014465,Tres faible,-0.456,0.0,False,0.2759525291490569,Surveillance
Agome-Glozou,Bas-Mono 2,Bas-Mono,Maritime,11154.366591,0.09777326439782358,Tres faible,-0.15,0.0,True,0.17178197027395653,Surveillance
Agbétiko,Bas-Mono 2,Bas-Mono,Maritime,3153.961779,0.06248303635062528,Tres faible,-0.688,0.0,False,0.2867870535234308,Surveillance
Bè-Est,Golfe 1,Golfe,Maritime,294407.968876,0.6450010496350246,Tres eleve,-0.202,0.5971096252854601,False,0.8069456716341237,Critique
Bè-Centre,Golfe 2,Golfe,Maritime,120144.196629,0.3007857132445131,Eleve,1.138,0.9538603648428359,False,0.37412676797228284,Elevee
Bè-Ouest,Golfe 3,Golfe,Maritime,129338.199144,0.4931244100886525,Tres eleve,0.924,0.8476258263362735,False,0.5034720835607824,Critique
Amoutivé,Golfe 4,Golfe,Maritime,112333.122491,0.21474069954852434,Moyen,1.338,0.9753889102240603,False,0.3053234644218372,Moyenne
Aflao-Gakli,Golfe 5,Golfe,Maritime,195975.557062,0.3558615399746841,Eleve,1.141,1.0000000000000007,False,0.46592316711448134,Critique
Baguida,Golfe 6,Golfe,Maritime,226051.461143,0.6338997276903717,Tres eleve,-0.253,0.7159778324969006,False,0.7490290665794522,Critique
Aflao-Sagbado,Golfe 7,Golfe,Maritime,429551.976791,0.5363070271574523,Tres eleve,-0.155,0.8943122265236523,True,0.7538243602446244,Critique
Aného,Lacs 1,Lacs,Maritime,8319.615616000001,0.11174799324551958,Faible,0.147,0.0,False,0.25456670784213875,Surveillance
Glidji,Lacs 1,Lacs,Maritime,21192.19384,0.08928454099326892,Tres faible,-0.21,0.0,False,0.2798621830566922,Surveillance
Canton D’Aneho,Lacs 1,Lacs,Maritime,7370.631735,0.05736777405111123,Tres faible,1.253,0.0,False,0.13986641214144743,Surveillance
Aklakou,Lacs 2,Lacs,Maritime,16023.308526,0.12809816331714366,Faible,-0.662,0.0,True,0.23131705675456912,Surveillance
Agouégan,Lacs 2,Lacs,Maritime,10249.348956,0.07577497007899954,Tres faible,-0.526,0.0,False,0.28755064720512935,Surveillance
Agbodrafo,Lacs 3,Lacs,Maritime,89404.008475,0.49207349082298196,Tres eleve,-0.31,0.334141700735183,True,0.4641600278156145,Critique
Anfoin,Lacs 4,Lacs,Maritime,11592.037759,0.07335765389184802,Tres faible,0.147,0.0,False,0.23615845364326452,Surveillance
Fiata,Lacs 4,Lacs,Maritime,21109.450521,0.08385405217716504,Tres faible,-0.343,0.0,True,0.1869238671200557,Surveillance
Ganavé,Lacs 4,Lacs,Maritime,13326.048686,0.07883543587835735,Tres faible,-0.404,0.0,True,0.18246368143455197,Surveillance
Vogan,Vo 1,Vo,Maritime,58675.742912,0.24144304608030634,Moyen,-0.439,0.03898595998550513,True,0.31134177032814025,Moyenne
Vo-Koutimé,Vo 1,Vo,Maritime,17235.135028,0.07552516583013105,Tres faible,-0.456,0.0,True,0.18778460792718096,Surveillance
Togoville,Vo 2,Vo,Maritime,22257.389248,0.12052462137294964,Faible,-0.322,0.0,True,0.20639355132742548,Surveillance
Anyron-Kopé,Vo 2,Vo,Maritime,8283.121792,0.08423629410296238,Tres faible,-0.594,0.0,False,0.29576255706474225,Surveillance
Dagbati,Vo 3,Vo,Maritime,26317.452928000002,0.08746017833982817,Tres faible,-0.725,0.0,True,0.22218553573934763,Surveillance
Dzrékpo,Vo 3,Vo,Maritime,16098.905780000001,0.09080952168892195,Tres faible,-0.275,0.0,True,0.18149023267640516,Surveillance
Mome-Hounkpati,Vo 3,Vo,Maritime,6907.74592,0.06519763351546173,Tres faible,-0.296,0.0,False,0.2615374166642288,Surveillance
Sévagan,Vo 4,Vo,Maritime,9634.455732,0.11167812802169642,Faible,-0.188,0.0,False,0.2810653349947384,Surveillance
Hahotoé,Vo 4,Vo,Maritime,13187.825217000001,0.18574693119704924,Moyen,-0.475,0.09482260023996514,False,0.3464383126020725,Elevee
Akoumapé,Vo 4,Vo,Maritime,16659.454464000002,0.103887579319285,Faible,-0.471,0.0,False,0.30402558827957216,Moyenne
Tabligbo,Yoto 1,Yoto,Maritime,39263.419327999996,0.254562141100179,Moyen,-0.371,0.11319183169825972,False,0.3975566411294029,Critique
Amoussimé,Yoto 1,Yoto,Maritime,13435.210496,0.0724730344021067,Tres faible,-0.536,0.0,False,0.2890941375723637,Surveillance
Kouvé,Yoto 1,Yoto,Maritime,17162.37982,0.21045706552803212,Moyen,-0.904,0.0,False,0.3958529548688804,Critique
Kini-Kondji,Yoto 1,Yoto,Maritime,6192.610048,0.07154822868472492,Tres faible,-0.554,0.0,False,0.2840532326350925,Surveillance
Tchékpo,Yoto 2,Yoto,Maritime,16090.519551999998,0.07621360960744904,Tres faible,-1.01,0.0,False,0.32934312766677953,Elevee
Ahépé,Yoto 2,Yoto,Maritime,12716.550399999998,0.0758939696989098,Tres faible,-0.453,0.0,False,0.2840771147046721,Surveillance
Zafi,Yoto 2,Yoto,Maritime,12272.711888999998,0.07292832297317084,Tres faible,-0.708,0.0,False,0.30147170431521625,Moyenne
Gboto,Yoto 3,Yoto,Maritime,13883.2064,0.07219509263261147,Tres faible,-0.691,0.0,False,0.30108919378098004,Moyenne
Tométy-Kondji,Yoto 3,Yoto,Maritime,5378.8307939999995,0.0697389567716938,Tres faible,-0.551,0.0,False,0.28216886968326016,Surveillance
Sendome,Yoto 3,Yoto,Maritime,7528.845348999999,0.0743426936326593,Tres faible,-0.622,0.0,False,0.2918452291607867,Surveillance
Essé-Godjin,Yoto 3,Yoto,Maritime,11335.089533999999,0.11377699761486522,Faible,-0.803,0.0,False,0.33035355043954684,Elevee
Tokpli,Yoto 3,Yoto,Maritime,14721.148223999999,0.1200441026813082,Faible,-0.453,0.0,False,0.30994716306496795,Moyenne
Tsévié,Zio 1,Zio,Maritime,37729.040916,0.3866936805521157,Eleve,-0.505,0.1374738775546814,False,0.4790274707749086,Critique
Davié,Zio 1,Zio,Maritime,28583.883547,0.246001100998334,Moyen,-0.514,0.09163388311817411,False,0.39502530821900306,Critique
Gblainvié,Zio 1,Zio,Maritime,6031.635099,0.07305879648365068,Tres faible,-0.826,0.0,False,0.30542785386733595,Moyenne
Abobo,Zio 1,Zio,Maritime,32764.208586,0.2638163542295847,Moyen,-0.715,0.08088970628112378,False,0.4234907964911401,Critique
Djagblé,Zio 1,Zio,Maritime,22871.121645,0.32354597291950304,Eleve,0.013,0.6317846937862346,False,0.39287852424855907,Critique
Kpomé,Zio 1,Zio,Maritime,11851.60549,0.10138462524064328,Faible,-0.18,0.0,False,0.27661309729672434,Surveillance
Dalavé,Zio 1,Zio,Maritime,24395.010801,0.21194754158122667,Moyen,-0.461,0.017210027079362516,True,0.26888915883368225,Surveillance
Gbatopé,Zio 1,Zio,Maritime,17898.923668,0.09163910686267604,Tres faible,-0.624,0.0,True,0.2099421956188549,Surveillance
Mission-Tové,Zio 2,Zio,Maritime,25356.390537,0.2021322540371957,Moyen,-0.24,0.02953742662358891,False,0.3474846342475214,Elevee
Kovié,Zio 2,Zio,Maritime,15884.060914,0.09147573623819305,Tres faible,-0.799,0.0,False,0.32151365750053146,Moyenne
Wli,Zio 2,Zio,Maritime,3653.754369,0.06086096239774752,Tres faible,-0.667,0.0,False,0.2847074980908476,Surveillance
Bolou,Zio 2,Zio,Maritime,6082.772319,0.06563511892263303,Tres faible,-0.604,0.0,False,0.28451851183890164,Surveillance
Gamé,Zio 3,Zio,Maritime,11963.094427,0.08039335087654949,Tres faible,-0.796,0.0,False,0.3120068862538994,Moyenne
Agbélouvé,Zio 3,Zio,Maritime,26251.331589,0.09030672290164726,Tres faible,-0.908,0.0,False,0.3376053556532209,Elevee
Gapé-Centre,Zio 4,Zio,Maritime,19731.043952,0.08629110491159186,Tres faible,-0.849,0.0,False,0.3256029983012989,Elevee
Gapé-Kpodji,Zio 4,Zio,Maritime,1963.6692480000002,0.05629757836269759,Tres faible,-0.777,0.0,False,0.28918708431530427,Surveillance
Kati,Agou 1,Agou,Plateaux,2832.997526,0.05997199367410224,Tres faible,-0.691,0.0,False,0.28537511020459577,Surveillance
Agou-Nyogbo-Agbétiko,Agou 1,Agou,Plateaux,3358.041634,0.06142126445953065,Tres faible,-0.853,0.0,False,0.29891323467394687,Surveillance
Agou-Akplolo,Agou 1,Agou,Plateaux,1579.783923,0.054428643127175366,Tres faible,-0.555,0.0,False,0.2709725988022512,Surveillance
Agou-Iboé,Agou 1,Agou,Plateaux,1853.286566,0.055402050366673075,Tres faible,-0.711,0.0,False,0.28358842833259557,Surveillance
Agou-Nyogbo-Dzidjole,Agou 1,Agou,Plateaux,1579.783923,0.011245905507000525,Tres faible,0.0,0.0,False,0.20507774629545683,Surveillance
Agou-Kébo,Agou 1,Agou,Plateaux,2988.118428,0.040772794747063364,Tres faible,-0.539,0.0,False,0.2634073849368236,Surveillance
Agou-Tavié,Agou 1,Agou,Plateaux,9870.587922,0.05100315145310413,Tres faible,0.612,0.0,False,0.1871362645303153,Surveillance
Agou-Atigbé,Agou 1,Agou,Plateaux,2204.34966,0.05478072109938878,Tres faible,-0.644,0.0,False,0.27844028182358654,Surveillance
Gadja,Agou 1,Agou,Plateaux,16785.714448,0.08284577873863197,Tres faible,-0.749,0.0,False,0.31371002375806223,Moyenne
Assahoun-Fiagbé,Agou 1,Agou,Plateaux,2547.248496,0.05724090246033366,Tres faible,-0.542,0.0,False,0.27231652176796184,Surveillance
Klonou,Agou 1,Agou,Plateaux,1836.402711,0.051906716585161244,Tres faible,-0.432,0.0,False,0.2604472084412107,Surveillance
Amoussou-Kopé,Agou 2,Agou,Plateaux,10312.239164,0.0779274290389427,Tres faible,-0.881,0.0,False,0.31576944189645645,Moyenne
Agotimé-Sud (Adzakpa),Agou 2,Agou,Plateaux,5662.664228000001,0.07391498383309988,Tres faible,-1.293,0.0,False,0.3410970255205693,Elevee
Agotimé-Nord,Agou 2,Agou,Plateaux,10548.221336,0.10340361168716485,Faible,-0.86,0.0,False,0.3283507678665691,Elevee
Djon,Akébou 1,Akébou,Plateaux,12660.18081,0.06969070936232007,Tres faible,-0.681,0.0,False,0.29795765754753145,Surveillance
Veh,Akébou 1,Akébou,Plateaux,4900.281088000001,0.03768692915877355,Tres faible,-0.809,0.0,False,0.283795982602908,Surveillance
Kougnohou,Akébou 1,Akébou,Plateaux,12149.201621,0.06853627782447992,Tres faible,-0.511,0.0,False,0.2839847146627672,Surveillance
Gbendè,Akébou 1,Akébou,Plateaux,3114.00544,0.056407310860452226,Tres faible,-0.791,0.0,False,0.2912488914557135,Surveillance
Yalla,Akébou 1,Akébou,Plateaux,3312.480512,0.036004083784392085,Tres faible,-0.535,0.0,False,0.2607497908234825,Surveillance
Sérégbénè,Akébou 2,Akébou,Plateaux,8324.644187,0.06460255721295725,Tres faible,-0.639,0.0,False,0.2884390185987915,Surveillance
Kpalavé,Akébou 2,Akébou,Plateaux,7665.24416,0.06579630054890105,Tres faible,-0.765,0.0,False,0.2981351401441931,Surveillance
Kamina-Akébou,Akébou 2,Akébou,Plateaux,11450.65701,0.11623489232452827,Faible,-0.776,0.0,False,0.32974455180689,Elevee
Djemegni,Haho 2,Haho,Plateaux,36576.906716,0.0868976153671787,Tres faible,-0.813,0.0,False,0.3369259463533454,Elevee
Adiva,Amou 1,Amou,Plateaux,2336.723379,0.057180066478038326,Tres faible,-0.708,0.0,False,0.2847303581554794,Surveillance
Imlè-Adiva,Amou 1,Amou,Plateaux,10041.092236999999,0.071100957849045,Tres faible,-0.714,0.0,False,0.29910625329814783,Moyenne
Amlamé (Ouma),Amou 1,Amou,Plateaux,18899.756923999998,0.0750864489808197,Tres faible,-0.468,0.0,False,0.28981236323062076,Surveillance
Kpatégan,Amou 2,Amou,Plateaux,17720.923296,0.07935730883240856,Tres faible,-1.047,0.0,False,0.33521001998294875,Elevee
Ekpégnon,Amou 2,Amou,Plateaux,7245.19035,0.0662528021990418,Tres faible,-0.514,0.0,False,0.2789632687912858,Surveillance
Amou-Oblo,Amou 2,Amou,Plateaux,22608.108086,0.10248944072162426,Faible,-0.582,0.0,False,0.3165430950862824,Moyenne
Sodo,Amou 2,Amou,Plateaux,8532.693758,0.06749722734582961,Tres faible,-0.579,0.0,False,0.2856365977286567,Surveillance
Gamé,Amou 3,Amou,Plateaux,5518.620946,0.0652040915963295,Tres faible,-0.726,0.0,False,0.2930962452668201,Surveillance
Otadi,Amou 3,Amou,Plateaux,7676.978117,0.06586623537742643,Tres faible,-0.693,0.0,False,0.2927098886627941,Surveillance
Hihéatro,Amou 3,Amou,Plateaux,9315.264642,0.1005908500522796,Faible,-0.647,0.0,False,0.3096104573039268,Moyenne
Okpahoé,Amou 3,Amou,Plateaux,2465.47937,0.05502426567655527,Tres faible,-0.602,0.0,False,0.2755940531768968,Surveillance
Evou,Amou 3,Amou,Plateaux,5187.638784,0.06539766718910811,Tres faible,-0.879,0.0,False,0.30456337324901456,Moyenne
Témédja,Amou 3,Amou,Plateaux,3194.991074,0.06055740809725265,Tres faible,-0.687,0.0,False,0.28568737712893355,Surveillance
Avédjè,Amou 3,Amou,Plateaux,4411.445912,0.07800545742663173,Tres faible,-0.742,0.0,False,0.30043777819331996,Moyenne
Pallakoko,Anié 1,Anié,Plateaux,17826.338416000002,0.07708761222005658,Tres faible,-0.983,0.0,False,0.3291848742586776,Elevee
Anié,Anié 1,Anié,Plateaux,95578.611722,0.28209952572314817,Moyen,-0.816,0.03310520423114782,False,0.49238858613205816,Critique
Kolo-Kopé,Anié 1,Anié,Plateaux,19721.753754,0.19808492287127416,Moyen,-0.848,0.0,False,0.38688968175565963,Critique
Adogbénou,Anié 2,Anié,Plateaux,26944.192379,0.08284278993699379,Tres faible,-0.942,0.0,False,0.33665709520044773,Elevee
Atchinédji,Anié 2,Anié,Plateaux,10756.005673,0.0789154783154618,Tres faible,-0.85,0.0,False,0.3143169189593596,Moyenne
Glitto,Anié 2,Anié,Plateaux,34872.058971,0.10443136004486281,Faible,-0.918,0.0,False,0.35314384695338297,Elevee
Danyi-Atigba,Danyi 1,Danyi,Plateaux,15155.070330999999,0.09588909270305729,Tres faible,-0.51,0.0,False,0.30137357086633787,Moyenne
Yikpa,Danyi 1,Danyi,Plateaux,1162.074347,0.03227230064970756,Tres faible,-0.452,0.0,False,0.2506395787814615,Surveillance
Danyi-Kakpa,Danyi 1,Danyi,Plateaux,3274.931508,0.05775581079052935,Tres faible,-0.77,0.0,False,0.2905239402169184,Surveillance
Danyi-Kpeto-Evita,Danyi 2,Danyi,Plateaux,6526.8629679999995,0.0805758296814765,Tres faible,-0.583,0.0,False,0.2914858653002643,Surveillance
Danyi-Elavagnon,Danyi 2,Danyi,Plateaux,7346.001979,0.064393674174641,Tres faible,-0.756,0.0,False,0.29642087492319696,Surveillance
Ahlon,Danyi 2,Danyi,Plateaux,3053.399112,0.05673293247021302,Tres faible,-0.435,0.0,False,0.2643163067138943,Surveillance
Elavagnon,Est-Mono 1,Est-Mono,Plateaux,53404.074907,0.19783470099529202,Moyen,-0.858,0.0,False,0.4149580252656926,Critique
Gbadjahè,Est-Mono 1,Est-Mono,Plateaux,13929.303658,0.15194283225162797,Faible,-0.794,0.0,False,0.35273475136469745,Elevee
Morétan,Est-Mono 2,Est-Mono,Plateaux,59393.318924,0.10187135187658801,Faible,-1.052,0.0,False,0.3819055309126549,Elevee
Badin-Copé,Est-Mono 2,Est-Mono,Plateaux,22368.261708,0.08755453820966552,Tres faible,-0.884,0.0,False,0.3311060548740997,Elevee
Kamina,Est-Mono 2,Est-Mono,Plateaux,15178.453688,0.0829451215948839,Tres faible,-0.892,0.0,False,0.3233252979400894,Moyenne
Kpéssi,Est-Mono 3,Est-Mono,Plateaux,10165.333509,0.07726181760370705,Tres faible,-0.725,0.0,False,0.30342573544510204,Moyenne
Nyamassila,Est-Mono 3,Est-Mono,Plateaux,16481.692365,0.10995096847868442,Faible,-0.809,0.0,False,0.3329029487169358,Elevee
Notsé,Haho 1,Haho,Plateaux,73732.515104,0.23284450607982204,Moyen,-0.906,0.025998130592382544,False,0.4543901173578132,Critique
Dalia,Haho 1,Haho,Plateaux,28191.079546,0.11826723531506896,Faible,-0.937,0.0,False,0.3567396022339606,Elevee
Atchavé,Haho 1,Haho,Plateaux,20226.214218,0.10222796319755842,Faible,-0.788,0.0,False,0.3301181488558145,Elevee
Asrama,Haho 2,Haho,Plateaux,48745.852066,0.11979247712558645,Faible,-0.787,0.0,False,0.36292313992059455,Elevee
Kpédomé,Haho 3,Haho,Plateaux,50776.016466,0.16578503575452574,Faible,-0.927,0.002847329510610541,False,0.4004677790655028,Critique
Kpegnon (Haito),Haho 4,Haho,Plateaux,15232.345585000001,0.10063913258595102,Faible,-0.917,0.0,False,0.3349829231624709,Elevee
Wahala,Haho 4,Haho,Plateaux,45121.113775,0.16539548574364726,Faible,-1.078,0.0,True,0.3071246439227892,Moyenne
Tové,Kloto 1,Kloto,Plateaux,11399.252305,0.0722415599150464,Tres faible,-0.594,0.00021698221133975947,False,0.2917170672234801,Surveillance
Agome-Kpalime,Kloto 1,Kloto,Plateaux,91933.23852,0.40891379968337294,Eleve,0.596,0.45546686832193806,False,0.4516984852800918,Critique
Yokélé,Kloto 1,Kloto,Plateaux,7784.196287000001,0.08893409239931502,Tres faible,-0.725,0.005609830291613173,False,0.3078931065040221,Moyenne
Tomé,Kloto 1,Kloto,Plateaux,5752.222206,0.06306041985488599,Tres faible,-0.634,0.0,False,0.285116264388099,Surveillance
Kpadapé,Kloto 1,Kloto,Plateaux,7637.625256,0.08525355390728438,Tres faible,-0.733,0.0,False,0.30636134277237115,Moyenne
Womé,Kloto 1,Kloto,Plateaux,5973.0141,0.06877815390239382,Tres faible,-1.264,0.0,False,0.3363255132954547,Elevee
Gbalabé,Kloto 1,Kloto,Plateaux,3104.84124,0.05304216464416353,Tres faible,-0.258,0.0,False,0.24887718168685694,Surveillance
Hanyigba,Kloto 1,Kloto,Plateaux,5002.51248,0.059160119778155607,Tres faible,-0.388,0.0,False,0.26366415406237587,Surveillance
Lavié,Kloto 2,Kloto,Plateaux,3665.581395,0.07602376261882716,Tres faible,-0.592,0.0,False,0.2873396429996018,Surveillance
Lavié-Apédomé,Kloto 2,Kloto,Plateaux,3056.5544400000003,0.07863893335792614,Tres faible,-0.63,0.0,False,0.2911676445805922,Surveillance
Kpimé,Kloto 2,Kloto,Plateaux,5920.15125,0.15443376006049347,Faible,-0.424,0.0,False,0.31944984330422777,Moyenne
Agomé-Yoh,Kloto 3,Kloto,Plateaux,2786.14836,0.05267107211718522,Tres faible,0.039,0.0,False,0.2258368178648789,Surveillance
Agomé-Tomégbé,Kloto 3,Kloto,Plateaux,3496.05796,0.03473949562339454,Tres faible,-0.36,0.0,False,0.24690224193881646,Surveillance
Kouma,Kloto 3,Kloto,Plateaux,10053.68632,0.05534924693511861,Tres faible,-0.735,0.0,False,0.29206581641178847,Surveillance
Kpélé-Govié,Kpélé 1,Kpélé,Plateaux,11038.306625000001,0.09175204053118426,Tres faible,-0.683,0.0,False,0.3088989066608465,Moyenne
Kpélé-Novivé,Kpélé 1,Kpélé,Plateaux,29004.495967000003,0.08278278149582753,Tres faible,-0.925,0.0,False,0.3370106764034507,Elevee
Kpélé-Akata,Kpélé 1,Kpélé,Plateaux,5662.813675,0.06612293577006127,Tres faible,-0.843,0.0,False,0.30261210340613887,Moyenne
Kpélé-Dawlotou,Kpélé 1,Kpélé,Plateaux,13154.682756,0.07519199473233705,Tres faible,-0.786,0.0,False,0.30936233354239917,Moyenne
Kpélé-Nord,Kpélé 2,Kpélé,Plateaux,10294.197499000002,0.07595440408948807,Tres faible,-0.616,0.0,False,0.2945271984952536,Surveillance
Kpélé-Dutoé,Kpélé 2,Kpélé,Plateaux,4487.601402,0.05988902645856569,Tres faible,-0.261,0.0,False,0.2539906027221964,Surveillance
Kpélé-Kamé,Kpélé 2,Kpélé,Plateaux,9449.659212,0.06831826261759355,Tres faible,-0.495,0.0,False,0.28044908363971677,Surveillance
Kpélé-Gbalédzé,Kpélé 2,Kpélé,Plateaux,3793.3026000000004,0.059288270620064414,Tres faible,-0.485,0.0,False,0.27012281920384007,Surveillance
Kpélé-Centre,Kpélé 2,Kpélé,Plateaux,8063.4284640000005,0.09232180800523015,Tres faible,-0.618,0.0,False,0.30184656366766216,Moyenne
Tohoun,Moyen-Mono 1,Moyen-Mono,Plateaux,18406.362560999998,0.08387689201578151,Tres faible,-0.797,0.0,False,0.3192454268343591,Moyenne
Tado,Moyen-Mono 1,Moyen-Mono,Plateaux,20067.795062,0.17796966080944704,Moyen,-0.867,0.0,False,0.3775735033946297,Elevee
Ahassomè,Moyen-Mono 1,Moyen-Mono,Plateaux,6345.096891,0.07321418325708715,Tres faible,-0.833,0.0,False,0.30630069164147866,Moyenne
Katomé,Moyen-Mono 2,Moyen-Mono,Plateaux,8271.114554,0.06781979220354468,Tres faible,-0.796,0.0,False,0.30209615786624167,Moyenne
Kpékplémé,Moyen-Mono 2,Moyen-Mono,Plateaux,20879.864094,0.15692578948236222,Faible,-0.889,0.0,False,0.36835534214793897,Elevee
Saligbé,Moyen-Mono 2,Moyen-Mono,Plateaux,14594.665427,0.13149348545442852,Faible,-0.823,0.0,False,0.34425553479945203,Elevee
Houdou,Ogou 1,Ogou,Plateaux,14667.223809000001,0.08202949017975282,Tres faible,-0.698,0.0,False,0.3076588409943438,Moyenne
Djama,Ogou 1,Ogou,Plateaux,26605.779159,0.26131286180877966,Moyen,-0.867,0.04553580197599492,False,0.4286529181954287,Critique
Gnagna,Ogou 1,Ogou,Plateaux,13259.111084,0.27473117633471084,Moyen,-0.581,0.12307195783878015,False,0.403402911689284,Critique
Katoré,Ogou 2,Ogou,Plateaux,11758.93238,0.07887926034933226,Tres faible,-0.721,0.0,False,0.3053080993065107,Moyenne
Datcha,Ogou 2,Ogou,Plateaux,20923.8497,0.12098417461009442,Faible,-0.634,0.0,False,0.32927643034968745,Elevee
Akparé,Ogou 2,Ogou,Plateaux,15744.85796,0.08575018906137223,Tres faible,-1.083,0.0,False,0.3398458864780557,Elevee
Gléi,Ogou 3,Ogou,Plateaux,59482.574408,0.16312420487887588,Faible,-0.738,0.008648134544742758,False,0.39173433921568535,Critique
Ountivou,Ogou 4,Ogou,Plateaux,42841.9212,0.1547083657313008,Faible,-1.026,0.0,False,0.3954478128847545,Critique
Kpété-Béna,Wawa 1,Wawa,Plateaux,10441.35954,0.061103141313842084,Tres faible,-0.691,0.0,False,0.2921956248780012,Surveillance
Tomégbé,Wawa 1,Wawa,Plateaux,8189.3016,0.0585828417415417,Tres faible,-0.778,0.0,False,0.2955904817472063,Surveillance
Badou,Wawa 1,Wawa,Plateaux,20037.284469,0.06463434243931232,Tres faible,-0.585,0.0,False,0.29389543487628117,Surveillance
Késsibo,Wawa 1,Wawa,Plateaux,8563.780886999999,0.060702574865437224,Tres faible,-0.605,0.0,False,0.2839083749018324,Surveillance
Gbadi-N'kougna,Wawa 2,Wawa,Plateaux,6187.278221,0.0882078698737663,Tres faible,-0.725,0.0,False,0.3061932148918797,Moyenne
Ekéto,Wawa 2,Wawa,Plateaux,8167.827566999999,0.06563080804228517,Tres faible,-0.791,0.0,False,0.3004302488951393,Moyenne
Gobé,Wawa 2,Wawa,Plateaux,1916.5240549999999,0.028208434281204668,Tres faible,-0.486,0.0,False,0.25160800174918263,Surveillance
Klabé-Efoukpa,Wawa 3,Wawa,Plateaux,15487.485298,0.07090210844747785,Tres faible,-0.719,0.0,False,0.3038150889632737,Moyenne
Ounabé,Wawa 3,Wawa,Plateaux,5400.944773,0.03684453908839603,Tres faible,-0.453,0.0,False,0.2566795493533203,Surveillance
Okou,Wawa 3,Wawa,Plateaux,9166.142149,0.06621749291871075,Tres faible,-0.727,0.0,False,0.29670070654706254,Surveillance
Doumé,Wawa 3,Wawa,Plateaux,5260.488875,0.03876467229126046,Tres faible,-0.817,0.0,False,0.28528926359640083,Surveillance
Pagala-Gare,Blitta 1,Blitta,Centrale,15610.030044,0.1135147288064978,Faible,-0.87,0.0,False,0.3387860676209665,Elevee
Waragni,Blitta 1,Blitta,Centrale,2978.43039,0.05840919640281945,Tres faible,-0.752,0.0,False,0.28927272185978187,Surveillance
Blitta-Village,Blitta 1,Blitta,Centrale,77399.003289,0.1584684329099258,Faible,-0.805,0.0,False,0.408870565128421,Critique
Blitta,Blitta 1,Blitta,Centrale,98865.623566,0.1290804491974279,Faible,-0.835,0.0,False,0.4125100121020837,Critique
Yaloumbè,Blitta 1,Blitta,Centrale,4472.736919,0.06290853358191624,Tres faible,-0.74,0.0,False,0.2920480881596465,Surveillance
Tchaloudè,Blitta 1,Blitta,Centrale,6142.581077,0.06597784042565713,Tres faible,-0.688,0.0,False,0.291140791103621,Surveillance
Doufouli,Blitta 1,Blitta,Centrale,1751.418896,0.0570844945671546,Tres faible,-1.067,0.0,False,0.3114909702109712,Moyenne
Tcharè-Baou,Blitta 2,Blitta,Centrale,7946.990846,0.07410134337461052,Tres faible,-0.657,0.0,False,0.29471404262329215,Surveillance
Koffiti,Blitta 2,Blitta,Centrale,5804.60404,0.06695247894081967,Tres faible,-0.999,0.0,False,0.3150416336110582,Moyenne
Langabou,Blitta 2,Blitta,Centrale,10845.751708,0.07916304340372357,Tres faible,-0.812,0.0,False,0.31163731486882884,Moyenne
Agbandi,Blitta 2,Blitta,Centrale,5933.513762,0.07283061829575006,Tres faible,-1.05,0.0,False,0.3222503866937536,Moyenne
Tintchro,Blitta 3,Blitta,Centrale,1570.676539,0.046382334713588796,Tres faible,-0.835,0.0,False,0.28783276356658166,Surveillance
Welly,Blitta 3,Blitta,Centrale,7245.12017,0.06411055245716368,Tres faible,-0.842,0.0,False,0.3027206887839037,Moyenne
Pagala-Village,Blitta 3,Blitta,Centrale,2125.631945,0.0980103208061624,Tres faible,-0.784,0.0,False,0.31274977742955584,Moyenne
Tchifama,Blitta 3,Blitta,Centrale,3008.9783939999998,0.07087468495829667,Tres faible,-0.638,0.0,False,0.2874747543910767,Surveillance
Atchintsè,Blitta 3,Blitta,Centrale,2949.175123,0.049947890601963155,Tres faible,-0.569,0.0,False,0.2706929096305549,Surveillance
Diguengué,Blitta 3,Blitta,Centrale,837.524443,0.03164054603994405,Tres faible,-0.605,0.0,False,0.26165887519892783,Surveillance
Yégué,Blitta 3,Blitta,Centrale,1160.824152,0.02055455055033341,Tres faible,-0.503,0.0,False,0.24808284361565044,Surveillance
Dikpéléou,Blitta 3,Blitta,Centrale,997.9014639999999,0.007431161390634229,Tres faible,-0.268,0.0,False,0.2228819502416654,Surveillance
Katchenkè,Blitta 3,Blitta,Centrale,1407.753851,0.045814962592401094,Tres faible,-0.713,0.0,False,0.27811450387690917,Surveillance
M'Poti,Blitta 3,Blitta,Centrale,3439.196117,0.05736196269129075,Tres faible,-0.638,0.0,False,0.2804073746357827,Surveillance
Kagnigbara,Mô 1,Mô,Centrale,203.65336,0.04656372487592584,Tres faible,-0.587,0.0,False,0.267966293448338,Surveillance
Boulohou,Mô 1,Mô,Centrale,1255.013831,0.05386633421207991,Tres faible,-0.503,0.0,False,0.2664464103172617,Surveillance
Djarkpanga,Mô 1,Mô,Centrale,2639.868328,0.05840834788140213,Tres faible,-0.838,0.0,False,0.295533822036639,Surveillance
Saïboudè,Mô 2,Mô,Centrale,2357.287642,0.05785805239085235,Tres faible,-0.625,0.0,False,0.278809913331307,Surveillance
Tindjasse,Mô 2,Mô,Centrale,2560.941002,0.06965545922765236,Tres faible,-0.811,0.0,False,0.29959126553159066,Moyenne
Tabindè,Sotouboua 1,Sotouboua,Centrale,5424.6438259999995,0.07162944263928496,Tres faible,-0.8,0.0,False,0.30217216398351954,Moyenne
Sotouboua,Sotouboua 1,Sotouboua,Centrale,22142.211565999998,0.14316028197337458,Faible,-0.841,0.014563607892331434,False,0.35817843935192173,Elevee
Kaniamboua,Sotouboua 1,Sotouboua,Centrale,1886.339247,0.11360974170018612,Faible,-0.885,0.0,False,0.3287959315714858,Elevee
Séssaro,Sotouboua 2,Sotouboua,Centrale,8780.183627999999,0.07075721974458465,Tres faible,-1.003,0.0,False,0.3198589555611636,Moyenne
Tittigbe,Sotouboua 2,Sotouboua,Centrale,6432.900509,0.06620599959574323,Tres faible,-0.736,0.0,False,0.29515140643421417,Surveillance
Aouda,Sotouboua 2,Sotouboua,Centrale,12398.803382,0.0943331062220863,Tres faible,-0.792,0.0,False,0.31971021040991887,Moyenne
Adjengré,Sotouboua 2,Sotouboua,Centrale,13716.053796,0.10410638670462617,Faible,-0.755,0.0,False,0.32333606796806025,Moyenne
Fazao,Sotouboua 2,Sotouboua,Centrale,17.222059,0.040887170841297185,Tres faible,0.0,0.0,False,0.22007636803307573,Surveillance
Kazaboua,Sotouboua 3,Sotouboua,Centrale,5480.986876,0.06495144791989767,Tres faible,-0.747,0.0,False,0.29452323977479633,Surveillance
Bodjondè,Sotouboua 3,Sotouboua,Centrale,1802.332236,0.062298128950825,Tres faible,-0.84,0.0,False,0.2971387336524639,Surveillance
Tchébébé,Sotouboua 3,Sotouboua,Centrale,11434.202398,0.08499440599357586,Tres faible,-0.968,0.0,False,0.3271765955078758,Elevee
Affem,Tchamba 1,Tchamba,Centrale,12120.848194,0.07220036150479604,Tres faible,-0.797,0.0,False,0.3077138275417749,Moyenne
Alibi I,Tchamba 1,Tchamba,Centrale,8947.997002,0.09318396713219963,Tres faible,-0.743,0.0,False,0.3125427220109542,Moyenne
Larini,Tchamba 1,Tchamba,Centrale,19577.93677,0.242095591848631,Moyen,-1.008,0.016358375502299963,False,0.4230952420036491,Critique
Kri-Kri,Tchamba 1,Tchamba,Centrale,5475.045428,0.0647110052007914,Tres faible,-0.905,0.0,False,0.30639704751855507,Moyenne
Tchamba,Tchamba 1,Tchamba,Centrale,51412.713723,0.2408882202204571,Moyen,-0.935,0.019241521264434402,True,0.34282331718435843,Elevee
Bago,Tchamba 2,Tchamba,Centrale,27878.590835000003,0.08267221960789443,Tres faible,-0.904,0.0,False,0.3344362041812431,Elevee
Koussountou,Tchamba 2,Tchamba,Centrale,24763.546913000002,0.08074694899684193,Tres faible,-0.796,0.0,True,0.2226312554107915,Surveillance
Balanka,Tchamba 3,Tchamba,Centrale,9922.117982,0.08776862347742136,Tres faible,-0.704,0.0,True,0.20739901382005818,Surveillance
Goubi,Tchamba 3,Tchamba,Centrale,14792.722882,0.15608841649127356,Faible,-0.964,0.0,False,0.3686368962356692,Elevee
Kaboli,Tchamba 3,Tchamba,Centrale,33900.633549,0.09316663475903039,Tres faible,-0.879,0.0,True,0.2432037660583326,Surveillance
Tchalo,Tchaoudjo 1,Tchaoudjo,Centrale,9271.720873,0.09151013025716914,Tres faible,-0.702,0.0,False,0.3087709493863702,Moyenne
Kadambara,Tchaoudjo 1,Tchaoudjo,Centrale,16801.177174,0.10810654851910383,Faible,-0.873,0.0028089126214598257,False,0.3370158347498985,Elevee
Kparataou,Tchaoudjo 1,Tchaoudjo,Centrale,13737.243618,0.15287458245586755,Faible,-0.778,0.0,False,0.3518734795790791,Elevee
Sokodè (Komah),Tchaoudjo 1,Tchaoudjo,Centrale,85029.152294,0.37593565508887217,Eleve,-0.794,0.19362323149044225,False,0.5336323759875868,Critique
Kpangalam,Tchaoudjo 1,Tchaoudjo,Centrale,41461.932723,0.2130495112023384,Moyen,-0.719,0.05460157254048587,False,0.4030131373903961,Critique
Lama-Tessi,Tchaoudjo 2,Tchaoudjo,Centrale,22808.645453,0.08005245138870161,Tres faible,-0.826,0.0,False,0.3229375837625207,Moyenne
Kéméni,Tchaoudjo 3,Tchaoudjo,Centrale,2322.3205679999996,0.05807378370574844,Tres faible,-0.752,0.0,False,0.2885539725777401,Surveillance
Aléhéridè,Tchaoudjo 3,Tchaoudjo,Centrale,5580.463766,0.07138775706445039,Tres faible,-0.913,0.0,False,0.3107563457430622,Moyenne
Kolina,Tchaoudjo 3,Tchaoudjo,Centrale,4013.203054,0.06786330819422812,Tres faible,-0.674,0.0,False,0.2893765102964659,Surveillance
Amaïde,Tchaoudjo 3,Tchaoudjo,Centrale,3632.559673,0.0751198156929064,Tres faible,-0.828,0.0,False,0.30475645234359916,Moyenne
Wassarabo,Tchaoudjo 4,Tchaoudjo,Centrale,2406.042112,0.056260744523031765,Tres faible,-0.933,0.0,False,0.3013859338679778,Moyenne
Kpassaouade,Tchaoudjo 4,Tchaoudjo,Centrale,3560.7969350000003,0.061040408253214044,Tres faible,-0.811,0.0,False,0.29567666981335206,Surveillance
Agouloudè,Tchaoudjo 4,Tchaoudjo,Centrale,12362.118122,0.07242294282226434,Tres faible,-0.745,0.0,False,0.3040797412315871,Moyenne
Dako (Daoude),Assoli 1,Assoli,Kara,11084.88259,0.0696083087516142,Tres faible,-0.608,0.0,False,0.2910795938253786,Surveillance
Bouladè,Assoli 1,Assoli,Kara,13207.208385999998,0.07290211195933494,Tres faible,-0.813,0.0,False,0.31020053207625853,Moyenne
Bafilo,Assoli 1,Assoli,Kara,42954.934418,0.17155542907244675,Moyen,-0.663,0.04573033373801801,False,0.37719418355191925,Elevee
Alédjo,Assoli 2,Assoli,Kara,15079.118251999998,0.12232918375382174,Faible,-0.65,0.0,False,0.3264685609719877,Elevee
Koumondè,Assoli 2,Assoli,Kara,7096.055648,0.0353563187462862,Tres faible,-0.027,0.0,False,0.22486068834070594,Surveillance
Soudou,Assoli 3,Assoli,Kara,32505.294295999996,0.10807282422328564,Faible,-0.845,0.0,False,0.34766511925149923,Elevee
Baghan,Bassar 1,Bassar,Kara,2175.808166,0.09631159779304745,Tres faible,-0.453,0.0,False,0.28669659722788055,Surveillance
Bassar,Bassar 1,Bassar,Kara,45754.087907,0.2867472626170452,Moyen,-0.816,0.004162470463711024,False,0.45434123366489654,Critique
Kalanga,Bassar 1,Bassar,Kara,6009.831366,0.12179955170999728,Faible,-0.714,0.0,False,0.3236529113886555,Moyenne
Dimori,Bassar 2,Bassar,Kara,11032.401758,0.15015709822618184,Faible,-0.785,0.0,False,0.3487098079413916,Elevee
Bitchabe,Bassar 2,Bassar,Kara,6206.325055,0.13402610770172604,Faible,-0.751,0.0,False,0.3333375232832505,Elevee
Bangeli,Bassar 2,Bassar,Kara,14879.06771,0.09621517607834276,Tres faible,-0.696,0.0,False,0.31546679138664646,Moyenne
Manga,Bassar 3,Bassar,Kara,5788.695273,0.11731810413676605,Faible,-0.606,0.0,False,0.31280278288992885,Moyenne
Kabou,Bassar 3,Bassar,Kara,29360.079560000002,0.18634973299750263,Moyen,-0.892,0.0,False,0.3916459207864057,Critique
Sanda-Afohou,Bassar 4,Bassar,Kara,4528.939905,0.08344860683857422,Tres faible,-0.688,0.0,False,0.29941668152338313,Moyenne
Sanda-Kagbanda,Bassar 4,Bassar,Kara,7078.5653330000005,0.09883169674640761,Tres faible,-0.725,0.0,False,0.312751516829488,Moyenne
Solla,Binah 1,Binah,Kara,9581.901087,0.0668354912727135,Tres faible,-0.654,0.0,False,0.29182951672110313,Surveillance
Pessaré,Binah 1,Binah,Kara,5023.636809,0.06399174411878189,Tres faible,-0.719,0.0,False,0.29149526817072713,Surveillance
Boufalé,Binah 1,Binah,Kara,3963.105865,0.06139908704573305,Tres faible,-0.497,0.0,False,0.27233213412425816,Surveillance
Pitikita,Binah 1,Binah,Kara,3738.8904199999997,0.06006384891761034,Tres faible,-0.503,0.0,False,0.271872544292457,Surveillance
Lama-Dessi,Binah 1,Binah,Kara,7138.663812,0.06712644054911152,Tres faible,-0.598,0.0,False,0.2857414640241549,Surveillance
Pagouda,Binah 1,Binah,Kara,16463.050477,0.08275879046077705,Tres faible,-0.654,0.0,True,0.20617776404047852,Surveillance
Sirka,Binah 2,Binah,Kara,8384.935789,0.10668654575736576,Faible,-0.671,0.0,False,0.31402308367348253,Moyenne
Kétao,Binah 2,Binah,Kara,14046.64716,0.07232753426924222,Tres faible,-0.596,0.0,False,0.29407348738628986,Surveillance
Kémérida,Binah 2,Binah,Kara,5699.819119,0.06312776105114662,Tres faible,-0.573,0.0,True,0.1804735119528575,Surveillance
Naompoch,Dankpen 1,Dankpen,Kara,12702.092056000001,0.11413936699690165,Faible,-0.757,0.0,True,0.228169588891513,Surveillance
Katchamba,Dankpen 1,Dankpen,Kara,9917.82956,0.07791805793259152,Tres faible,-0.664,0.0,False,0.29894728970703516,Surveillance
Guérin-Kouka,Dankpen 1,Dankpen,Kara,52457.893216000004,0.18904766562789593,Moyen,-0.67,0.0,False,0.3950721732566935,Critique
Koulféikou,Dankpen 1,Dankpen,Kara,16261.265483000001,0.0848765512146279,Tres faible,-0.907,0.0,False,0.32640813836134275,Elevee
Namon,Dankpen 2,Dankpen,Kara,8472.5454,0.08798948289252426,Tres faible,-0.876,0.0,False,0.3194139705133897,Moyenne
Natchiboré,Dankpen 2,Dankpen,Kara,14028.482424,0.10220318806009727,Faible,-0.73,0.0,False,0.3206454488563767,Moyenne
Natchitikpi,Dankpen 2,Dankpen,Kara,8205.531848,0.11016896093442625,Faible,-0.846,0.0,False,0.32909153032429594,Elevee
Koutchitchéou,Dankpen 2,Dankpen,Kara,8613.578546,0.14609296781408174,Faible,-0.592,0.0,False,0.3298365954893877,Elevee
Nawaré,Dankpen 3,Dankpen,Kara,21207.03788,0.1336795719248095,Faible,-0.618,0.0,False,0.33526017246820805,Elevee
Bapuré,Dankpen 3,Dankpen,Kara,24311.870713,0.16826064881348998,Faible,-0.748,0.0,False,0.3666558814813501,Elevee
Nandouta,Dankpen 3,Dankpen,Kara,20903.453413,0.08673926925479393,Tres faible,-0.741,0.0,False,0.31859453657914116,Moyenne
Kidjabou,Dankpen 3,Dankpen,Kara,29833.62956,0.187227866083604,Moyen,-0.852,0.0,False,0.3894731764416025,Critique
Siou,Doufelgou 1,Doufelgou,Kara,10670.109294,0.07088497587133843,Tres faible,-0.658,0.0,False,0.295243296613685,Surveillance
Agbandè-Yaka,Doufelgou 1,Doufelgou,Kara,4911.383646,0.06474697635609473,Tres faible,-0.928,0.0,False,0.3077058874566588,Moyenne
Niamtougou,Doufelgou 1,Doufelgou,Kara,16105.993911,0.13721766058088394,Faible,-0.719,0.0,False,0.340723618944184,Elevee
Ténéga,Doufelgou 1,Doufelgou,Kara,4171.269717,0.060857470209933394,Tres faible,-0.595,0.0,False,0.27965406659309944,Surveillance
Baga,Doufelgou 1,Doufelgou,Kara,7698.423546,0.06769029813854457,Tres faible,-0.757,0.0,False,0.29859376991346454,Surveillance
Pouda,Doufelgou 1,Doufelgou,Kara,3035.160848,0.05853621211492284,Tres faible,-0.622,0.0,False,0.2795065002230176,Surveillance
Massédéna,Doufelgou 1,Doufelgou,Kara,3132.061008,0.059050098831040385,Tres faible,-0.779,0.0,False,0.29180218645018563,Surveillance
Koka,Doufelgou 1,Doufelgou,Kara,4422.103308,0.09148198103373623,Tres faible,-0.328,0.0,False,0.2763736032768423,Surveillance
Léon,Doufelgou 2,Doufelgou,Kara,1669.127229,0.06229141273477167,Tres faible,-0.849,0.0,False,0.29771065711866207,Surveillance
Alloum,Doufelgou 2,Doufelgou,Kara,4205.333538,0.0696961978147816,Tres faible,-0.808,0.0,False,0.30072548796828713,Moyenne
Kadjalla,Doufelgou 2,Doufelgou,Kara,3555.444486,0.0678240736424997,Tres faible,-0.78,0.0,False,0.29703974707541225,Surveillance
Tchoré,Doufelgou 2,Doufelgou,Kara,919.311405,0.05273743295766027,Tres faible,-0.716,0.0,False,0.28174470935218965,Surveillance
Défalé,Doufelgou 2,Doufelgou,Kara,7783.778738,0.06775511328262623,Tres faible,-0.645,0.0,False,0.29018502815313296,Surveillance
Kpaha,Doufelgou 2,Doufelgou,Kara,1743.448293,0.05534344471154214,Tres faible,-0.62,0.0,False,0.276549234269489,Surveillance
Kantè,Kéran 1,Kéran,Kara,27944.432839,0.08998666848351486,Tres faible,-0.831,0.0,False,0.33295596938694777,Elevee
Pessidè,Kéran 1,Kéran,Kara,15573.042364,0.08361997201193826,Tres faible,-0.838,0.0,False,0.3199123850671361,Moyenne
Akpontè,Kéran 1,Kéran,Kara,5759.683098,0.0729129646908354,Tres faible,-0.981,0.0,False,0.31690879426110463,Moyenne
Hélota,Kéran 2,Kéran,Kara,12947.449566000001,0.08896325109483634,Tres faible,-0.708,0.0,False,0.3108240292063565,Moyenne
Ossacré,Kéran 2,Kéran,Kara,10088.357398,0.07077502087674604,Tres faible,-0.586,0.0,False,0.2892356998066844,Surveillance
Ataloté,Kéran 2,Kéran,Kara,10200.393674,0.07906034872399219,Tres faible,-0.859,0.0,False,0.31462786528335007,Moyenne
Nadoba,Kéran 3,Kéran,Kara,21353.095694000003,0.09481250313891115,Tres faible,-0.539,0.0,False,0.3080374205547987,Moyenne
Warengo,Kéran 3,Kéran,Kara,8855.958362000001,0.08902263251970517,Tres faible,-0.739,0.0,False,0.30987925493968427,Moyenne
Koutougou,Kéran 3,Kéran,Kara,4674.968244000001,0.06324595501873038,Tres faible,-0.847,0.0,False,0.30053189345602177,Moyenne
Landa,Kozah 1,Kozah,Kara,9830.5197,0.06874963090475697,Tres faible,-0.534,0.0,False,0.2839608780490129,Surveillance
Soumdina,Kozah 1,Kozah,Kara,6961.230600000001,0.06572393509574234,Tres faible,-0.531,0.0,False,0.2797338461375719,Surveillance
Lassa,Kozah 1,Kozah,Kara,16926.505,0.0998195892641064,Tres faible,-0.472,0.007024096880145353,False,0.3020860456702801,Moyenne
Kara,Kozah 1,Kozah,Kara,94804.8615,0.44149102154400377,Tres eleve,-0.584,0.25261159549502576,False,0.5616216914733589,Critique
Kouméa,Kozah 2,Kozah,Kara,10651.738507,0.07134066120413968,Tres faible,-0.763,0.0,False,0.3034602361965315,Moyenne
Tcharè,Kozah 2,Kozah,Kara,3815.8587,0.06609458065233086,Tres faible,-0.543,0.0,False,0.2782865567292182,Surveillance
Pya,Kozah 2,Kozah,Kara,16104.830000000002,0.07953924025802042,Tres faible,-0.224,0.0,False,0.27143127980404325,Surveillance
Tchitchao,Kozah 2,Kozah,Kara,8870.8033,0.07625724816843764,Tres faible,-0.767,0.0,False,0.3050121413109875,Moyenne
Bohou,Kozah 2,Kozah,Kara,12607.781200000001,0.0696718419263815,Tres faible,-0.183,0.0,False,0.26004827465639335,Surveillance
Sara-Kawa,Kozah 2,Kozah,Kara,4429.255451,0.06868047794950971,Tres faible,-0.634,0.0,False,0.287123448490775,Surveillance
Yadè,Kozah 2,Kozah,Kara,7549.5499,0.06697292154861524,Tres faible,-0.565,0.0,False,0.2834834408518748,Surveillance
Awandjélo,Kozah 3,Kozah,Kara,12525.351144,0.07130601695396044,Tres faible,-0.49,0.0,False,0.2842153377074105,Surveillance
Kpinzindè,Kozah 3,Kozah,Kara,11623.558266,0.0724180795052145,Tres faible,-0.781,0.0,False,0.30621186901728464,Moyenne
Djamdè,Kozah 4,Kozah,Kara,3231.623618,0.06661643133048398,Tres faible,-0.743,0.0,False,0.2933003210553873,Surveillance
Atchangbadè,Kozah 4,Kozah,Kara,18904.849326,0.09037389639886349,Tres faible,-0.654,0.0,False,0.31234781166526737,Moyenne
Gouloungoussi,Cinkassé 1,Cinkassé,Savanes,4300.628436,0.06152353732469032,Tres faible,-0.524,0.0,True,0.1747279290592802,Surveillance
Noaga,Cinkassé 1,Cinkassé,Savanes,1351.872147,0.054625803241745804,Tres faible,-0.774,0.0,True,0.1875427836738245,Surveillance
Boadé,Cinkassé 1,Cinkassé,Savanes,46270.254552,0.19562829290221415,Moyen,-0.554,0.16124403993982458,True,0.2848248254382315,Surveillance
Biankouri,Cinkassé 2,Cinkassé,Savanes,15559.899867999999,0.07192656944218638,Tres faible,-0.33,0.0,True,0.17486597690611952,Surveillance
Nadjoundi,Cinkassé 2,Cinkassé,Savanes,10168.010763999999,0.07020184413424775,Tres faible,-0.564,0.0,True,0.18731358546948995,Surveillance
Timbou,Cinkassé 2,Cinkassé,Savanes,16092.887444,0.08334983585823232,Tres faible,-0.735,0.0,True,0.2123579567642575,Surveillance
Sam-Naba,Cinkassé 2,Cinkassé,Savanes,9367.473667,0.07634589956315013,Tres faible,-0.567,0.0,True,0.19026216704806168,Surveillance
Tambigou,Kpendjal 1,Kpendjal,Savanes,4299.376432,0.14256008360031025,Faible,-0.597,0.0,False,0.3247619056540797,Moyenne
Koundjoaré,Kpendjal 1,Kpendjal,Savanes,17254.4925,0.10923738545553606,Faible,-0.871,0.0,True,0.23785396214272025,Surveillance
Mandouri,Kpendjal 1,Kpendjal,Savanes,18144.133,0.19156734783243143,Moyen,-0.845,0.0,True,0.2817982465473639,Surveillance
Borgou,Kpendjal 2,Kpendjal,Savanes,22484.672,0.19068460372877277,Moyen,-0.758,0.0,False,0.37823702447307295,Elevee
Naki-Est,Kpendjal-Ouest 1,Kpendjal-Ouest,Savanes,26579.808100000002,0.10009718728011112,Faible,-0.804,0.0,False,0.33534183829246145,Elevee
Nayéga,Kpendjal-Ouest 1,Kpendjal-Ouest,Savanes,6958.462,0.06632497482381433,Tres faible,-0.488,0.0,False,0.2767928174911082,Surveillance
Ogaro,Kpendjal-Ouest 1,Kpendjal-Ouest,Savanes,22513.0045,0.13111954982165105,Faible,-0.87,0.0,False,0.354075186027749,Elevee
Papri,Kpendjal-Ouest 2,Kpendjal-Ouest,Savanes,15016.225,0.0737287697051754,Tres faible,-0.455,0.0,True,0.18491439681626803,Surveillance
Tambonga,Kpendjal-Ouest 2,Kpendjal-Ouest,Savanes,8108.7615000000005,0.06944028056512694,Tres faible,-0.824,0.0,False,0.3049819175214171,Moyenne
Namoundjoga,Kpendjal-Ouest 2,Kpendjal-Ouest,Savanes,9661.3825,0.09348269569920567,Tres faible,-0.673,0.0,False,0.3079668327683319,Moyenne
Pogno,Kpendjal-Ouest 2,Kpendjal-Ouest,Savanes,19484.478752,0.07935431523311563,Tres faible,-0.975,0.0,True,0.23117217942108592,Surveillance
Mango,Oti 1,Oti,Savanes,46142.328,0.1485936522422084,Faible,-0.839,0.017213529237621948,True,0.2805652432931955,Surveillance
Sadori,Oti 1,Oti,Savanes,8584.756000000001,0.09821432382653356,Tres faible,-0.874,0.0,False,0.32496639301476604,Moyenne
Faré,Oti 1,Oti,Savanes,4530.68,0.06591866988144417,Tres faible,-0.767,0.0,False,0.29580019645159517,Surveillance
Barkoissi,Oti 2,Oti,Savanes,38451.339236,0.22078867238987376,Moyen,-0.866,0.0,False,0.4159829439745537,Critique
Nagbéni,Oti 2,Oti,Savanes,24676.7785,0.17527207356057636,Moyen,-0.768,0.0,False,0.3723225433383027,Elevee
Tchanaga,Oti 2,Oti,Savanes,6490.052000000001,0.07567949404941765,Tres faible,-1.03,0.0,False,0.32274745631667867,Moyenne
Galangashie,Oti 2,Oti,Savanes,13586.156,0.1535981720884317,Faible,-0.835,0.0,True,0.25648054268213405,Surveillance
Sagbiebou,Oti-Sud 1,Oti-Sud,Savanes,12685.904,0.0745028629053183,Tres faible,-1.184,0.0,True,0.23885670676423187,Surveillance
Tchamonga,Oti-Sud 1,Oti-Sud,Savanes,25849.078,0.16303100343295712,Faible,-0.946,0.0,True,0.28008890011455534,Surveillance
Mogou,Oti-Sud 1,Oti-Sud,Savanes,16910.616,0.07768816270451119,Tres faible,-0.808,0.0,True,0.21546546268670888,Surveillance
Gando,Oti-Sud 1,Oti-Sud,Savanes,27533.431500000002,0.09015667302148637,Tres faible,-0.793,0.0,True,0.22982576115863518,Surveillance
Kountoire,Oti-Sud 2,Oti-Sud,Savanes,15218.455194,0.08401723923531405,Tres faible,-0.84,0.0,True,0.21999357202508157,Surveillance
Koumongou,Oti-Sud 2,Oti-Sud,Savanes,10867.748000000001,0.08641069655134256,Tres faible,-0.834,0.0,False,0.3173062736538932,Moyenne
Nali,Oti-Sud 2,Oti-Sud,Savanes,9649.76,0.0786501700300937,Tres faible,-0.867,0.0,True,0.21456215196089964,Surveillance
Takpamba,Oti-Sud 2,Oti-Sud,Savanes,11565.466044,0.12152908397245658,Faible,-0.682,0.0,True,0.225598826622259,Surveillance
Loko,Tandjoaré 1,Tandjoaré,Savanes,7994.013772,0.06770451192498186,Tres faible,-0.56,0.0,False,0.28386713543562936,Surveillance
Pligou,Tandjoaré 1,Tandjoaré,Savanes,9160.597272,0.06881692042075874,Tres faible,-0.56,0.0,False,0.2854283757620826,Surveillance
Bombouaka,Tandjoaré 1,Tandjoaré,Savanes,10488.571148,0.07093967824058026,Tres faible,-0.592,0.0,False,0.2901082985765502,Surveillance
Goundoga,Tandjoaré 1,Tandjoaré,Savanes,5083.8615,0.06376278347952596,Tres faible,-0.63,0.0,False,0.28465316285497283,Surveillance
Bogou,Tandjoaré 1,Tandjoaré,Savanes,16250.280848,0.07508206105877956,Tres faible,-0.591,0.0,False,0.2970011253167458,Surveillance
Nandoga,Tandjoaré 1,Tandjoaré,Savanes,6561.570576,0.06462399532702781,Tres faible,-0.447,0.0,False,0.27241896202381605,Surveillance
Boulogou,Tandjoaré 1,Tandjoaré,Savanes,7831.541188,0.10876719396450696,Faible,-0.437,0.0,False,0.2969264364267094,Surveillance
Tamongue,Tandjoaré 1,Tandjoaré,Savanes,25918.681132,0.08099052721406387,Tres faible,-0.608,0.0,True,0.20941506983822394,Surveillance
Bagou,Tandjoaré 2,Tandjoaré,Savanes,3249.152372,0.05964510563978877,Tres faible,-0.528,0.0,False,0.2731440335577121,Surveillance
Nano,Tandjoaré 2,Tandjoaré,Savanes,15518.358488000002,0.08239487748183619,Tres faible,-0.731,0.0,False,0.31106151010097255,Moyenne
Sissiak,Tandjoaré 2,Tandjoaré,Savanes,21951.207428,0.08680970565627284,Tres faible,-0.689,0.0,True,0.2155340804345702,Surveillance
Tampialime,Tandjoaré 2,Tandjoaré,Savanes,11006.497424000001,0.07181330483461468,Tres faible,-0.632,0.0,True,0.19405057759261132,Surveillance
Mamproug,Tandjoaré 2,Tandjoaré,Savanes,7093.160164000001,0.06432995801650485,Tres faible,-0.384,0.0,False,0.2679016517402666,Surveillance
Doukpergou,Tandjoaré 2,Tandjoaré,Savanes,7683.922928,0.06699760876956708,Tres faible,-0.471,0.0,True,0.17646091297000327,Surveillance
Sangou,Tandjoaré 2,Tandjoaré,Savanes,4302.68124,0.04103111557416093,Tres faible,-0.515,0.0,True,0.1627959431577447,Surveillance
Lokpano,Tandjoaré 2,Tandjoaré,Savanes,8343.819176,0.06743731198683121,Tres faible,-0.418,0.0,False,0.2732111124740221,Surveillance
Poissongui,Tône 1,Tône,Savanes,7223.48227,0.08534795074679136,Tres faible,-0.53,0.0,True,0.19064430965393991,Surveillance
Kourientre,Tône 1,Tône,Savanes,11143.930556000001,0.09666331165725656,Tres faible,-0.719,0.0,True,0.21441766338013005,Surveillance
Dapaong,Tône 1,Tône,Savanes,154758.807448,0.3887760040966075,Eleve,-0.828,0.12379391086032818,False,0.6000839465862987,Critique
Toaga,Tône 1,Tône,Savanes,15690.872872000002,0.08212377606438108,Tres faible,-0.601,0.0,False,0.301171083121529,Moyenne
Natigou,Tône 1,Tône,Savanes,7583.766132000001,0.06772706875480902,Tres faible,-0.571,0.0,False,0.2843814179987527,Surveillance
Pana,Tône 1,Tône,Savanes,13857.07926,0.07422132360716638,Tres faible,-0.637,0.0,False,0.29807531998435227,Surveillance
Bidjenga,Tône 1,Tône,Savanes,8986.888752,0.07665182928701106,Tres faible,-0.846,0.0,False,0.3113286620083658,Moyenne
Nanergou,Tône 2,Tône,Savanes,12015.208568,0.08035385820283117,Tres faible,-0.843,0.0,True,0.21560045682324044,Surveillance
Namaré,Tône 2,Tône,Savanes,11800.121864,0.09240485384951466,Tres faible,-0.657,0.0,False,0.3079015936754495,Moyenne
Naki-Ouest,Tône 2,Tône,Savanes,29006.828232000003,0.1395996130609366,Faible,-0.678,0.0,True,0.249426581319421,Surveillance
Nioukpourma,Tône 3,Tône,Savanes,17130.059544,0.11906485120528026,Faible,-0.859,0.0,False,0.3422352490757039,Elevee
Tami,Tône 3,Tône,Savanes,27285.246944000002,0.08971112259392547,Tres faible,-0.75,0.0,True,0.22611022344288473,Surveillance
Lotogou,Tône 3,Tône,Savanes,14368.997732000002,0.08064929400306683,Tres faible,-0.563,0.0,True,0.19639590651761432,Surveillance
Warkambou,Tône 3,Tône,Savanes,7144.5338360000005,0.06753767007001664,Tres faible,-0.616,0.0,True,0.18734029647386863,Surveillance
Louanga,Tône 4,Tône,Savanes,11372.388092000001,0.09037323766233894,Tres faible,-0.67,0.0,False,0.30742600373091644,Moyenne
Kantindi,Tône 4,Tône,Savanes,10966.789348,0.07150861383527855,Tres faible,-0.665,0.0,False,0.29635951094331103,Surveillance
Sanfatoute,Tône 4,Tône,Savanes,9150.518297,0.0695457727810199,Tres faible,-0.643,0.0,True,0.1921296614981921,Surveillance
Korbongou,Tône 4,Tône,Savanes,47598.911181,0.09691527854716563,Tres faible,-0.78,0.0,True,0.24889780134609463,Surveillance
